 ,TP_WR_P2118_NNO+0,TP_WR_P2119_NNO+0,TP_WR_P2120_NNO+0,TP_WR_P2121_NNO+0,TP_WR_P2129_NNO+0,TP_WR_P2130_NNO+0,TP_WR_P2275_NNO+0,TP_WR_P2278_NNO+0,TP_WR_P2280_NNO+0,TP_WR_P2282_NNO+0,TP_WR_P2285_NNO+0,TP_WR_P2293_NNO+0,TP_WR_P2294_NNO+0,TP_WR_P2295_NNO+0,TP_WR_P2296_NNO+0,TP_WR_P2141_NNO+0,TP_WR_P2226A_NNO+0,TP_WR_P2226B_NNO+0,TP_WR_P2226C_NNO+0,TP_WR_P2227_NNO+0,TP_WR_P2228_NNO+0,TP_WR_P2229_NNO+0,TP_WR_P2231_NNO+0,TP_WR_P2233_NNO+0,TP_WR_P2286_NNO+0,TP_WR_P2287_NNO+0,TP_WR_P2288_NNO+0,TP_WR_P2289_NNO+0,TP_WR_P2290_NNO+0,TP_WR_P2291_NNO+0,TP_WR_P2292_NNO+0,TP_WR_P2118_NNO+0.25,TP_WR_P2119_NNO+0.25,TP_WR_P2120_NNO+0.25,TP_WR_P2121_NNO+0.25,TP_WR_P2129_NNO+0.25,TP_WR_P2130_NNO+0.25,TP_WR_P2275_NNO+0.25,TP_WR_P2278_NNO+0.25,TP_WR_P2280_NNO+0.25,TP_WR_P2282_NNO+0.25,TP_WR_P2285_NNO+0.25,TP_WR_P2293_NNO+0.25,TP_WR_P2294_NNO+0.25,TP_WR_P2295_NNO+0.25,TP_WR_P2296_NNO+0.25,TP_WR_P2141_NNO+0.25,TP_WR_P2226A_NNO+0.25,TP_WR_P2226B_NNO+0.25,TP_WR_P2226C_NNO+0.25,TP_WR_P2227_NNO+0.25,TP_WR_P2228_NNO+0.25,TP_WR_P2229_NNO+0.25,TP_WR_P2231_NNO+0.25,TP_WR_P2233_NNO+0.25,TP_WR_P2286_NNO+0.25,TP_WR_P2287_NNO+0.25,TP_WR_P2288_NNO+0.25,TP_WR_P2289_NNO+0.25,TP_WR_P2290_NNO+0.25,TP_WR_P2291_NNO+0.25,TP_WR_P2292_NNO+0.25,TP_WR_P2118_NNO+0.5,TP_WR_P2119_NNO+0.5,TP_WR_P2120_NNO+0.5,TP_WR_P2121_NNO+0.5,TP_WR_P2129_NNO+0.5,TP_WR_P2130_NNO+0.5,TP_WR_P2275_NNO+0.5,TP_WR_P2278_NNO+0.5,TP_WR_P2280_NNO+0.5,TP_WR_P2282_NNO+0.5,TP_WR_P2285_NNO+0.5,TP_WR_P2293_NNO+0.5,TP_WR_P2294_NNO+0.5,TP_WR_P2295_NNO+0.5,TP_WR_P2296_NNO+0.5,TP_WR_P2141_NNO+0.5,TP_WR_P2226A_NNO+0.5,TP_WR_P2226B_NNO+0.5,TP_WR_P2226C_NNO+0.5,TP_WR_P2227_NNO+0.5,TP_WR_P2228_NNO+0.5,TP_WR_P2229_NNO+0.5,TP_WR_P2231_NNO+0.5,TP_WR_P2233_NNO+0.5,TP_WR_P2286_NNO+0.5,TP_WR_P2287_NNO+0.5,TP_WR_P2288_NNO+0.5,TP_WR_P2289_NNO+0.5,TP_WR_P2290_NNO+0.5,TP_WR_P2291_NNO+0.5,TP_WR_P2292_NNO+0.5,TP_WR_P2118_NNO+0.75,TP_WR_P2119_NNO+0.75,TP_WR_P2120_NNO+0.75,TP_WR_P2121_NNO+0.75,TP_WR_P2129_NNO+0.75,TP_WR_P2130_NNO+0.75,TP_WR_P2275_NNO+0.75,TP_WR_P2278_NNO+0.75,TP_WR_P2280_NNO+0.75,TP_WR_P2282_NNO+0.75,TP_WR_P2285_NNO+0.75,TP_WR_P2293_NNO+0.75,TP_WR_P2294_NNO+0.75,TP_WR_P2295_NNO+0.75,TP_WR_P2296_NNO+0.75,TP_WR_P2141_NNO+0.75,TP_WR_P2226A_NNO+0.75,TP_WR_P2226B_NNO+0.75,TP_WR_P2226C_NNO+0.75,TP_WR_P2227_NNO+0.75,TP_WR_P2228_NNO+0.75,TP_WR_P2229_NNO+0.75,TP_WR_P2231_NNO+0.75,TP_WR_P2233_NNO+0.75,TP_WR_P2286_NNO+0.75,TP_WR_P2287_NNO+0.75,TP_WR_P2288_NNO+0.75,TP_WR_P2289_NNO+0.75,TP_WR_P2290_NNO+0.75,TP_WR_P2291_NNO+0.75,TP_WR_P2292_NNO+0.75,TP_WR_P2118_NNO+1,TP_WR_P2119_NNO+1,TP_WR_P2120_NNO+1,TP_WR_P2121_NNO+1,TP_WR_P2129_NNO+1,TP_WR_P2130_NNO+1,TP_WR_P2275_NNO+1,TP_WR_P2278_NNO+1,TP_WR_P2280_NNO+1,TP_WR_P2282_NNO+1,TP_WR_P2285_NNO+1,TP_WR_P2293_NNO+1,TP_WR_P2294_NNO+1,TP_WR_P2295_NNO+1,TP_WR_P2296_NNO+1,TP_WR_P2141_NNO+1,TP_WR_P2226A_NNO+1,TP_WR_P2226B_NNO+1,TP_WR_P2226C_NNO+1,TP_WR_P2227_NNO+1,TP_WR_P2228_NNO+1,TP_WR_P2229_NNO+1,TP_WR_P2231_NNO+1,TP_WR_P2233_NNO+1,TP_WR_P2286_NNO+1,TP_WR_P2287_NNO+1,TP_WR_P2288_NNO+1,TP_WR_P2289_NNO+1,TP_WR_P2290_NNO+1,TP_WR_P2291_NNO+1,TP_WR_P2292_NNO+1
SiO2,74.644,74.375,74.553,74.246,74.452,74.256,74.179,74.213,74.168,74.270,74.013,74.023,73.848,74.159,74.080,74.108,74.000,73.823,74.004,73.689,73.988,74.009,74.018,73.998,74.028,73.991,74.035,73.967,73.938,73.985,73.949,74.644,74.375,74.553,74.246,74.452,74.256,74.179,74.213,74.168,74.270,74.013,74.023,73.848,74.159,74.080,74.108,74.000,73.823,74.004,73.689,73.988,74.009,74.018,73.998,74.028,73.991,74.035,73.967,73.938,73.985,73.949,74.644,74.375,74.553,74.246,74.452,74.256,74.179,74.213,74.168,74.270,74.013,74.023,73.848,74.159,74.080,74.108,74.000,73.823,74.004,73.689,73.988,74.009,74.018,73.998,74.028,73.991,74.035,73.967,73.938,73.985,73.949,74.644,74.375,74.553,74.246,74.452,74.256,74.179,74.213,74.168,74.270,74.013,74.023,73.848,74.159,74.080,74.108,74.000,73.823,74.004,73.689,73.988,74.009,74.018,73.998,74.028,73.991,74.035,73.967,73.938,73.985,73.949,74.644,74.375,74.553,74.246,74.452,74.256,74.179,74.213,74.168,74.270,74.013,74.023,73.848,74.159,74.080,74.108,74.000,73.823,74.004,73.689,73.988,74.009,74.018,73.998,74.028,73.991,74.035,73.967,73.938,73.985,73.949
TiO2,0.282,0.277,0.278,0.284,0.283,0.277,0.285,0.277,0.283,0.289,0.300,0.291,0.297,0.289,0.295,0.289,0.298,0.302,0.293,0.306,0.296,0.293,0.294,0.294,0.293,0.293,0.291,0.293,0.288,0.298,0.290,0.282,0.277,0.278,0.284,0.283,0.277,0.285,0.277,0.283,0.289,0.300,0.291,0.297,0.289,0.295,0.289,0.298,0.302,0.293,0.306,0.296,0.293,0.294,0.294,0.293,0.293,0.291,0.293,0.288,0.298,0.290,0.282,0.277,0.278,0.284,0.283,0.277,0.285,0.277,0.283,0.289,0.300,0.291,0.297,0.289,0.295,0.289,0.298,0.302,0.293,0.306,0.296,0.293,0.294,0.294,0.293,0.293,0.291,0.293,0.288,0.298,0.290,0.282,0.277,0.278,0.284,0.283,0.277,0.285,0.277,0.283,0.289,0.300,0.291,0.297,0.289,0.295,0.289,0.298,0.302,0.293,0.306,0.296,0.293,0.294,0.294,0.293,0.293,0.291,0.293,0.288,0.298,0.290,0.282,0.277,0.278,0.284,0.283,0.277,0.285,0.277,0.283,0.289,0.300,0.291,0.297,0.289,0.295,0.289,0.298,0.302,0.293,0.306,0.296,0.293,0.294,0.294,0.293,0.293,0.291,0.293,0.288,0.298,0.290
Al2O3,13.341,13.452,13.375,13.486,13.383,13.434,13.478,13.481,13.467,13.474,13.566,13.566,13.615,13.524,13.547,13.545,13.599,13.612,13.540,13.761,13.688,13.628,13.629,13.579,13.579,13.532,13.520,13.541,13.595,13.550,13.578,13.341,13.452,13.375,13.486,13.383,13.434,13.478,13.481,13.467,13.474,13.566,13.566,13.615,13.524,13.547,13.545,13.599,13.612,13.540,13.761,13.688,13.628,13.629,13.579,13.579,13.532,13.520,13.541,13.595,13.550,13.578,13.341,13.452,13.375,13.486,13.383,13.434,13.478,13.481,13.467,13.474,13.566,13.566,13.615,13.524,13.547,13.545,13.599,13.612,13.540,13.761,13.688,13.628,13.629,13.579,13.579,13.532,13.520,13.541,13.595,13.550,13.578,13.341,13.452,13.375,13.486,13.383,13.434,13.478,13.481,13.467,13.474,13.566,13.566,13.615,13.524,13.547,13.545,13.599,13.612,13.540,13.761,13.688,13.628,13.629,13.579,13.579,13.532,13.520,13.541,13.595,13.550,13.578,13.341,13.452,13.375,13.486,13.383,13.434,13.478,13.481,13.467,13.474,13.566,13.566,13.615,13.524,13.547,13.545,13.599,13.612,13.540,13.761,13.688,13.628,13.629,13.579,13.579,13.532,13.520,13.541,13.595,13.550,13.578
Fe2O3,2.413,2.427,2.434,2.464,2.443,2.456,2.459,2.432,2.450,2.444,2.554,2.508,2.576,2.470,2.492,2.494,2.549,2.595,2.543,2.618,2.526,2.546,2.528,2.529,2.503,2.546,2.517,2.511,2.515,2.558,2.514,2.413,2.427,2.434,2.464,2.443,2.456,2.459,2.432,2.450,2.444,2.554,2.508,2.576,2.470,2.492,2.494,2.549,2.595,2.543,2.618,2.526,2.546,2.528,2.529,2.503,2.546,2.517,2.511,2.515,2.558,2.514,2.413,2.427,2.434,2.464,2.443,2.456,2.459,2.432,2.450,2.444,2.554,2.508,2.576,2.470,2.492,2.494,2.549,2.595,2.543,2.618,2.526,2.546,2.528,2.529,2.503,2.546,2.517,2.511,2.515,2.558,2.514,2.413,2.427,2.434,2.464,2.443,2.456,2.459,2.432,2.450,2.444,2.554,2.508,2.576,2.470,2.492,2.494,2.549,2.595,2.543,2.618,2.526,2.546,2.528,2.529,2.503,2.546,2.517,2.511,2.515,2.558,2.514,2.413,2.427,2.434,2.464,2.443,2.456,2.459,2.432,2.450,2.444,2.554,2.508,2.576,2.470,2.492,2.494,2.549,2.595,2.543,2.618,2.526,2.546,2.528,2.529,2.503,2.546,2.517,2.511,2.515,2.558,2.514
Cr2O3,0.000,0.000,0.000,0.000,0.000,0.000,0.000,0.000,0.000,0.000,0.000,0.000,0.000,0.000,0.000,0.000,0.000,0.000,0.000,0.000,0.000,0.000,0.000,0.000,0.000,0.000,0.000,0.000,0.000,0.000,0.000,0.000,0.000,0.000,0.000,0.000,0.000,0.000,0.000,0.000,0.000,0.000,0.000,0.000,0.000,0.000,0.000,0.000,0.000,0.000,0.000,0.000,0.000,0.000,0.000,0.000,0.000,0.000,0.000,0.000,0.000,0.000,0.000,0.000,0.000,0.000,0.000,0.000,0.000,0.000,0.000,0.000,0.000,0.000,0.000,0.000,0.000,0.000,0.000,0.000,0.000,0.000,0.000,0.000,0.000,0.000,0.000,0.000,0.000,0.000,0.000,0.000,0.000,0.000,0.000,0.000,0.000,0.000,0.000,0.000,0.000,0.000,0.000,0.000,0.000,0.000,0.000,0.000,0.000,0.000,0.000,0.000,0.000,0.000,0.000,0.000,0.000,0.000,0.000,0.000,0.000,0.000,0.000,0.000,0.000,0.000,0.000,0.000,0.000,0.000,0.000,0.000,0.000,0.000,0.000,0.000,0.000,0.000,0.000,0.000,0.000,0.000,0.000,0.000,0.000,0.000,0.000,0.000,0.000,0.000,0.000,0.000,0.000,0.000,0.000
FeO,0.000,0.000,0.000,0.000,0.000,0.000,0.000,0.000,0.000,0.000,0.000,0.000,0.000,0.000,0.000,0.000,0.000,0.000,0.000,0.000,0.000,0.000,0.000,0.000,0.000,0.000,0.000,0.000,0.000,0.000,0.000,0.000,0.000,0.000,0.000,0.000,0.000,0.000,0.000,0.000,0.000,0.000,0.000,0.000,0.000,0.000,0.000,0.000,0.000,0.000,0.000,0.000,0.000,0.000,0.000,0.000,0.000,0.000,0.000,0.000,0.000,0.000,0.000,0.000,0.000,0.000,0.000,0.000,0.000,0.000,0.000,0.000,0.000,0.000,0.000,0.000,0.000,0.000,0.000,0.000,0.000,0.000,0.000,0.000,0.000,0.000,0.000,0.000,0.000,0.000,0.000,0.000,0.000,0.000,0.000,0.000,0.000,0.000,0.000,0.000,0.000,0.000,0.000,0.000,0.000,0.000,0.000,0.000,0.000,0.000,0.000,0.000,0.000,0.000,0.000,0.000,0.000,0.000,0.000,0.000,0.000,0.000,0.000,0.000,0.000,0.000,0.000,0.000,0.000,0.000,0.000,0.000,0.000,0.000,0.000,0.000,0.000,0.000,0.000,0.000,0.000,0.000,0.000,0.000,0.000,0.000,0.000,0.000,0.000,0.000,0.000,0.000,0.000,0.000,0.000
MnO,0.090,0.094,0.092,0.093,0.093,0.095,0.094,0.093,0.093,0.093,0.093,0.094,0.096,0.094,0.094,0.095,0.097,0.095,0.098,0.099,0.094,0.095,0.096,0.096,0.095,0.095,0.093,0.096,0.094,0.094,0.095,0.090,0.094,0.092,0.093,0.093,0.095,0.094,0.093,0.093,0.093,0.093,0.094,0.096,0.094,0.094,0.095,0.097,0.095,0.098,0.099,0.094,0.095,0.096,0.096,0.095,0.095,0.093,0.096,0.094,0.094,0.095,0.090,0.094,0.092,0.093,0.093,0.095,0.094,0.093,0.093,0.093,0.093,0.094,0.096,0.094,0.094,0.095,0.097,0.095,0.098,0.099,0.094,0.095,0.096,0.096,0.095,0.095,0.093,0.096,0.094,0.094,0.095,0.090,0.094,0.092,0.093,0.093,0.095,0.094,0.093,0.093,0.093,0.093,0.094,0.096,0.094,0.094,0.095,0.097,0.095,0.098,0.099,0.094,0.095,0.096,0.096,0.095,0.095,0.093,0.096,0.094,0.094,0.095,0.090,0.094,0.092,0.093,0.093,0.095,0.094,0.093,0.093,0.093,0.093,0.094,0.096,0.094,0.094,0.095,0.097,0.095,0.098,0.099,0.094,0.095,0.096,0.096,0.095,0.095,0.093,0.096,0.094,0.094,0.095
MgO,0.304,0.307,0.310,0.317,0.309,0.317,0.331,0.309,0.328,0.324,0.358,0.336,0.365,0.326,0.331,0.324,0.338,0.361,0.338,0.359,0.328,0.327,0.336,0.337,0.328,0.347,0.334,0.347,0.345,0.360,0.353,0.304,0.307,0.310,0.317,0.309,0.317,0.331,0.309,0.328,0.324,0.358,0.336,0.365,0.326,0.331,0.324,0.338,0.361,0.338,0.359,0.328,0.327,0.336,0.337,0.328,0.347,0.334,0.347,0.345,0.360,0.353,0.304,0.307,0.310,0.317,0.309,0.317,0.331,0.309,0.328,0.324,0.358,0.336,0.365,0.326,0.331,0.324,0.338,0.361,0.338,0.359,0.328,0.327,0.336,0.337,0.328,0.347,0.334,0.347,0.345,0.360,0.353,0.304,0.307,0.310,0.317,0.309,0.317,0.331,0.309,0.328,0.324,0.358,0.336,0.365,0.326,0.331,0.324,0.338,0.361,0.338,0.359,0.328,0.327,0.336,0.337,0.328,0.347,0.334,0.347,0.345,0.360,0.353,0.304,0.307,0.310,0.317,0.309,0.317,0.331,0.309,0.328,0.324,0.358,0.336,0.365,0.326,0.331,0.324,0.338,0.361,0.338,0.359,0.328,0.327,0.336,0.337,0.328,0.347,0.334,0.347,0.345,0.360,0.353
NiO,0.000,0.000,0.000,0.000,0.000,0.000,0.000,0.000,0.000,0.000,0.000,0.000,0.000,0.000,0.000,0.000,0.000,0.000,0.000,0.000,0.000,0.000,0.000,0.000,0.000,0.000,0.000,0.000,0.000,0.000,0.000,0.000,0.000,0.000,0.000,0.000,0.000,0.000,0.000,0.000,0.000,0.000,0.000,0.000,0.000,0.000,0.000,0.000,0.000,0.000,0.000,0.000,0.000,0.000,0.000,0.000,0.000,0.000,0.000,0.000,0.000,0.000,0.000,0.000,0.000,0.000,0.000,0.000,0.000,0.000,0.000,0.000,0.000,0.000,0.000,0.000,0.000,0.000,0.000,0.000,0.000,0.000,0.000,0.000,0.000,0.000,0.000,0.000,0.000,0.000,0.000,0.000,0.000,0.000,0.000,0.000,0.000,0.000,0.000,0.000,0.000,0.000,0.000,0.000,0.000,0.000,0.000,0.000,0.000,0.000,0.000,0.000,0.000,0.000,0.000,0.000,0.000,0.000,0.000,0.000,0.000,0.000,0.000,0.000,0.000,0.000,0.000,0.000,0.000,0.000,0.000,0.000,0.000,0.000,0.000,0.000,0.000,0.000,0.000,0.000,0.000,0.000,0.000,0.000,0.000,0.000,0.000,0.000,0.000,0.000,0.000,0.000,0.000,0.000,0.000
CoO,0.000,0.000,0.000,0.000,0.000,0.000,0.000,0.000,0.000,0.000,0.000,0.000,0.000,0.000,0.000,0.000,0.000,0.000,0.000,0.000,0.000,0.000,0.000,0.000,0.000,0.000,0.000,0.000,0.000,0.000,0.000,0.000,0.000,0.000,0.000,0.000,0.000,0.000,0.000,0.000,0.000,0.000,0.000,0.000,0.000,0.000,0.000,0.000,0.000,0.000,0.000,0.000,0.000,0.000,0.000,0.000,0.000,0.000,0.000,0.000,0.000,0.000,0.000,0.000,0.000,0.000,0.000,0.000,0.000,0.000,0.000,0.000,0.000,0.000,0.000,0.000,0.000,0.000,0.000,0.000,0.000,0.000,0.000,0.000,0.000,0.000,0.000,0.000,0.000,0.000,0.000,0.000,0.000,0.000,0.000,0.000,0.000,0.000,0.000,0.000,0.000,0.000,0.000,0.000,0.000,0.000,0.000,0.000,0.000,0.000,0.000,0.000,0.000,0.000,0.000,0.000,0.000,0.000,0.000,0.000,0.000,0.000,0.000,0.000,0.000,0.000,0.000,0.000,0.000,0.000,0.000,0.000,0.000,0.000,0.000,0.000,0.000,0.000,0.000,0.000,0.000,0.000,0.000,0.000,0.000,0.000,0.000,0.000,0.000,0.000,0.000,0.000,0.000,0.000,0.000
CaO,1.615,1.655,1.655,1.677,1.665,1.683,1.701,1.700,1.697,1.665,1.748,1.736,1.813,1.725,1.727,1.720,1.752,1.800,1.736,1.821,1.744,1.730,1.715,1.758,1.725,1.740,1.730,1.751,1.782,1.766,1.740,1.615,1.655,1.655,1.677,1.665,1.683,1.701,1.700,1.697,1.665,1.748,1.736,1.813,1.725,1.727,1.720,1.752,1.800,1.736,1.821,1.744,1.730,1.715,1.758,1.725,1.740,1.730,1.751,1.782,1.766,1.740,1.615,1.655,1.655,1.677,1.665,1.683,1.701,1.700,1.697,1.665,1.748,1.736,1.813,1.725,1.727,1.720,1.752,1.800,1.736,1.821,1.744,1.730,1.715,1.758,1.725,1.740,1.730,1.751,1.782,1.766,1.740,1.615,1.655,1.655,1.677,1.665,1.683,1.701,1.700,1.697,1.665,1.748,1.736,1.813,1.725,1.727,1.720,1.752,1.800,1.736,1.821,1.744,1.730,1.715,1.758,1.725,1.740,1.730,1.751,1.782,1.766,1.740,1.615,1.655,1.655,1.677,1.665,1.683,1.701,1.700,1.697,1.665,1.748,1.736,1.813,1.725,1.727,1.720,1.752,1.800,1.736,1.821,1.744,1.730,1.715,1.758,1.725,1.740,1.730,1.751,1.782,1.766,1.740
Na2O,4.483,4.535,4.455,4.561,4.525,4.635,4.633,4.644,4.675,4.614,4.579,4.628,4.588,4.580,4.605,4.595,4.565,4.629,4.627,4.550,4.515,4.551,4.550,4.591,4.558,4.592,4.618,4.624,4.585,4.532,4.615,4.483,4.535,4.455,4.561,4.525,4.635,4.633,4.644,4.675,4.614,4.579,4.628,4.588,4.580,4.605,4.595,4.565,4.629,4.627,4.550,4.515,4.551,4.550,4.591,4.558,4.592,4.618,4.624,4.585,4.532,4.615,4.483,4.535,4.455,4.561,4.525,4.635,4.633,4.644,4.675,4.614,4.579,4.628,4.588,4.580,4.605,4.595,4.565,4.629,4.627,4.550,4.515,4.551,4.550,4.591,4.558,4.592,4.618,4.624,4.585,4.532,4.615,4.483,4.535,4.455,4.561,4.525,4.635,4.633,4.644,4.675,4.614,4.579,4.628,4.588,4.580,4.605,4.595,4.565,4.629,4.627,4.550,4.515,4.551,4.550,4.591,4.558,4.592,4.618,4.624,4.585,4.532,4.615,4.483,4.535,4.455,4.561,4.525,4.635,4.633,4.644,4.675,4.614,4.579,4.628,4.588,4.580,4.605,4.595,4.565,4.629,4.627,4.550,4.515,4.551,4.550,4.591,4.558,4.592,4.618,4.624,4.585,4.532,4.615
K2O,2.785,2.827,2.797,2.819,2.793,2.792,2.783,2.793,2.783,2.778,2.738,2.764,2.743,2.778,2.773,2.774,2.745,2.728,2.764,2.737,2.758,2.762,2.774,2.760,2.835,2.803,2.805,2.812,2.800,2.794,2.807,2.785,2.827,2.797,2.819,2.793,2.792,2.783,2.793,2.783,2.778,2.738,2.764,2.743,2.778,2.773,2.774,2.745,2.728,2.764,2.737,2.758,2.762,2.774,2.760,2.835,2.803,2.805,2.812,2.800,2.794,2.807,2.785,2.827,2.797,2.819,2.793,2.792,2.783,2.793,2.783,2.778,2.738,2.764,2.743,2.778,2.773,2.774,2.745,2.728,2.764,2.737,2.758,2.762,2.774,2.760,2.835,2.803,2.805,2.812,2.800,2.794,2.807,2.785,2.827,2.797,2.819,2.793,2.792,2.783,2.793,2.783,2.778,2.738,2.764,2.743,2.778,2.773,2.774,2.745,2.728,2.764,2.737,2.758,2.762,2.774,2.760,2.835,2.803,2.805,2.812,2.800,2.794,2.807,2.785,2.827,2.797,2.819,2.793,2.792,2.783,2.793,2.783,2.778,2.738,2.764,2.743,2.778,2.773,2.774,2.745,2.728,2.764,2.737,2.758,2.762,2.774,2.760,2.835,2.803,2.805,2.812,2.800,2.794,2.807
P2O5,,,,,,,,,,,,,,,,,,,,,,,,,,,,,,,,,,,,,,,,,,,,,,,,,,,,,,,,,,,,,,,,,,,,,,,,,,,,,,,,,,,,,,,,,,,,,,,,,,,,,,,,,,,,,,,,,,,,,,,,,,,,,,,,,,,,,,,,,,,,,,,,,,,,,,,,,,,
H2O,13.000,13.000,13.000,13.000,13.000,13.000,13.000,13.000,13.000,13.000,13.000,13.000,13.000,13.000,13.000,13.000,13.000,13.000,13.000,13.000,13.000,13.000,13.000,13.000,13.000,13.000,13.000,13.000,13.000,13.000,13.000,13.000,13.000,13.000,13.000,13.000,13.000,13.000,13.000,13.000,13.000,13.000,13.000,13.000,13.000,13.000,13.000,13.000,13.000,13.000,13.000,13.000,13.000,13.000,13.000,13.000,13.000,13.000,13.000,13.000,13.000,13.000,13.000,13.000,13.000,13.000,13.000,13.000,13.000,13.000,13.000,13.000,13.000,13.000,13.000,13.000,13.000,13.000,13.000,13.000,13.000,13.000,13.000,13.000,13.000,13.000,13.000,13.000,13.000,13.000,13.000,13.000,13.000,13.000,13.000,13.000,13.000,13.000,13.000,13.000,13.000,13.000,13.000,13.000,13.000,13.000,13.000,13.000,13.000,13.000,13.000,13.000,13.000,13.000,13.000,13.000,13.000,13.000,13.000,13.000,13.000,13.000,13.000,13.000,13.000,13.000,13.000,13.000,13.000,13.000,13.000,13.000,13.000,13.000,13.000,13.000,13.000,13.000,13.000,13.000,13.000,13.000,13.000,13.000,13.000,13.000,13.000,13.000,13.000,13.000,13.000,13.000,13.000,13.000,13.000
CO2,,,,,,,,,,,,,,,,,,,,,,,,,,,,,,,,,,,,,,,,,,,,,,,,,,,,,,,,,,,,,,,,,,,,,,,,,,,,,,,,,,,,,,,,,,,,,,,,,,,,,,,,,,,,,,,,,,,,,,,,,,,,,,,,,,,,,,,,,,,,,,,,,,,,,,,,,,,
SO3,,,,,,,,,,,,,,,,,,,,,,,,,,,,,,,,,,,,,,,,,,,,,,,,,,,,,,,,,,,,,,,,,,,,,,,,,,,,,,,,,,,,,,,,,,,,,,,,,,,,,,,,,,,,,,,,,,,,,,,,,,,,,,,,,,,,,,,,,,,,,,,,,,,,,,,,,,,
Cl2O-1,,,,,,,,,,,,,,,,,,,,,,,,,,,,,,,,,,,,,,,,,,,,,,,,,,,,,,,,,,,,,,,,,,,,,,,,,,,,,,,,,,,,,,,,,,,,,,,,,,,,,,,,,,,,,,,,,,,,,,,,,,,,,,,,,,,,,,,,,,,,,,,,,,,,,,,,,,,
F2O-1,,,,,,,,,,,,,,,,,,,,,,,,,,,,,,,,,,,,,,,,,,,,,,,,,,,,,,,,,,,,,,,,,,,,,,,,,,,,,,,,,,,,,,,,,,,,,,,,,,,,,,,,,,,,,,,,,,,,,,,,,,,,,,,,,,,,,,,,,,,,,,,,,,,,,,,,,,,
,,,,,,,,,,,,,,,,,,,,,,,,,,,,,,,,,,,,,,,,,,,,,,,,,,,,,,,,,,,,,,,,,,,,,,,,,,,,,,,,,,,,,,,,,,,,,,,,,,,,,,,,,,,,,,,,,,,,,,,,,,,,,,,,,,,,,,,,,,,,,,,,,,,,,,,,,,,
Model,rhyolite-MELTS_v1.0.x,rhyolite-MELTS_v1.0.x,rhyolite-MELTS_v1.0.x,rhyolite-MELTS_v1.0.x,rhyolite-MELTS_v1.0.x,rhyolite-MELTS_v1.0.x,rhyolite-MELTS_v1.0.x,rhyolite-MELTS_v1.0.x,rhyolite-MELTS_v1.0.x,rhyolite-MELTS_v1.0.x,rhyolite-MELTS_v1.0.x,rhyolite-MELTS_v1.0.x,rhyolite-MELTS_v1.0.x,rhyolite-MELTS_v1.0.x,rhyolite-MELTS_v1.0.x,rhyolite-MELTS_v1.0.x,rhyolite-MELTS_v1.0.x,rhyolite-MELTS_v1.0.x,rhyolite-MELTS_v1.0.x,rhyolite-MELTS_v1.0.x,rhyolite-MELTS_v1.0.x,rhyolite-MELTS_v1.0.x,rhyolite-MELTS_v1.0.x,rhyolite-MELTS_v1.0.x,rhyolite-MELTS_v1.0.x,rhyolite-MELTS_v1.0.x,rhyolite-MELTS_v1.0.x,rhyolite-MELTS_v1.0.x,rhyolite-MELTS_v1.0.x,rhyolite-MELTS_v1.0.x,rhyolite-MELTS_v1.0.x,rhyolite-MELTS_v1.0.x,rhyolite-MELTS_v1.0.x,rhyolite-MELTS_v1.0.x,rhyolite-MELTS_v1.0.x,rhyolite-MELTS_v1.0.x,rhyolite-MELTS_v1.0.x,rhyolite-MELTS_v1.0.x,rhyolite-MELTS_v1.0.x,rhyolite-MELTS_v1.0.x,rhyolite-MELTS_v1.0.x,rhyolite-MELTS_v1.0.x,rhyolite-MELTS_v1.0.x,rhyolite-MELTS_v1.0.x,rhyolite-MELTS_v1.0.x,rhyolite-MELTS_v1.0.x,rhyolite-MELTS_v1.0.x,rhyolite-MELTS_v1.0.x,rhyolite-MELTS_v1.0.x,rhyolite-MELTS_v1.0.x,rhyolite-MELTS_v1.0.x,rhyolite-MELTS_v1.0.x,rhyolite-MELTS_v1.0.x,rhyolite-MELTS_v1.0.x,rhyolite-MELTS_v1.0.x,rhyolite-MELTS_v1.0.x,rhyolite-MELTS_v1.0.x,rhyolite-MELTS_v1.0.x,rhyolite-MELTS_v1.0.x,rhyolite-MELTS_v1.0.x,rhyolite-MELTS_v1.0.x,rhyolite-MELTS_v1.0.x,rhyolite-MELTS_v1.0.x,rhyolite-MELTS_v1.0.x,rhyolite-MELTS_v1.0.x,rhyolite-MELTS_v1.0.x,rhyolite-MELTS_v1.0.x,rhyolite-MELTS_v1.0.x,rhyolite-MELTS_v1.0.x,rhyolite-MELTS_v1.0.x,rhyolite-MELTS_v1.0.x,rhyolite-MELTS_v1.0.x,rhyolite-MELTS_v1.0.x,rhyolite-MELTS_v1.0.x,rhyolite-MELTS_v1.0.x,rhyolite-MELTS_v1.0.x,rhyolite-MELTS_v1.0.x,rhyolite-MELTS_v1.0.x,rhyolite-MELTS_v1.0.x,rhyolite-MELTS_v1.0.x,rhyolite-MELTS_v1.0.x,rhyolite-MELTS_v1.0.x,rhyolite-MELTS_v1.0.x,rhyolite-MELTS_v1.0.x,rhyolite-MELTS_v1.0.x,rhyolite-MELTS_v1.0.x,rhyolite-MELTS_v1.0.x,rhyolite-MELTS_v1.0.x,rhyolite-MELTS_v1.0.x,rhyolite-MELTS_v1.0.x,rhyolite-MELTS_v1.0.x,rhyolite-MELTS_v1.0.x,rhyolite-MELTS_v1.0.x,rhyolite-MELTS_v1.0.x,rhyolite-MELTS_v1.0.x,rhyolite-MELTS_v1.0.x,rhyolite-MELTS_v1.0.x,rhyolite-MELTS_v1.0.x,rhyolite-MELTS_v1.0.x,rhyolite-MELTS_v1.0.x,rhyolite-MELTS_v1.0.x,rhyolite-MELTS_v1.0.x,rhyolite-MELTS_v1.0.x,rhyolite-MELTS_v1.0.x,rhyolite-MELTS_v1.0.x,rhyolite-MELTS_v1.0.x,rhyolite-MELTS_v1.0.x,rhyolite-MELTS_v1.0.x,rhyolite-MELTS_v1.0.x,rhyolite-MELTS_v1.0.x,rhyolite-MELTS_v1.0.x,rhyolite-MELTS_v1.0.x,rhyolite-MELTS_v1.0.x,rhyolite-MELTS_v1.0.x,rhyolite-MELTS_v1.0.x,rhyolite-MELTS_v1.0.x,rhyolite-MELTS_v1.0.x,rhyolite-MELTS_v1.0.x,rhyolite-MELTS_v1.0.x,rhyolite-MELTS_v1.0.x,rhyolite-MELTS_v1.0.x,rhyolite-MELTS_v1.0.x,rhyolite-MELTS_v1.0.x,rhyolite-MELTS_v1.0.x,rhyolite-MELTS_v1.0.x,rhyolite-MELTS_v1.0.x,rhyolite-MELTS_v1.0.x,rhyolite-MELTS_v1.0.x,rhyolite-MELTS_v1.0.x,rhyolite-MELTS_v1.0.x,rhyolite-MELTS_v1.0.x,rhyolite-MELTS_v1.0.x,rhyolite-MELTS_v1.0.x,rhyolite-MELTS_v1.0.x,rhyolite-MELTS_v1.0.x,rhyolite-MELTS_v1.0.x,rhyolite-MELTS_v1.0.x,rhyolite-MELTS_v1.0.x,rhyolite-MELTS_v1.0.x,rhyolite-MELTS_v1.0.x,rhyolite-MELTS_v1.0.x,rhyolite-MELTS_v1.0.x,rhyolite-MELTS_v1.0.x,rhyolite-MELTS_v1.0.x,rhyolite-MELTS_v1.0.x,rhyolite-MELTS_v1.0.x,rhyolite-MELTS_v1.0.x,rhyolite-MELTS_v1.0.x,rhyolite-MELTS_v1.0.x,rhyolite-MELTS_v1.0.x,rhyolite-MELTS_v1.0.x,rhyolite-MELTS_v1.0.x,rhyolite-MELTS_v1.0.x,rhyolite-MELTS_v1.0.x,rhyolite-MELTS_v1.0.x
Calculation,QF_P_Calc,QF_P_Calc,QF_P_Calc,QF_P_Calc,QF_P_Calc,QF_P_Calc,QF_P_Calc,QF_P_Calc,QF_P_Calc,QF_P_Calc,QF_P_Calc,QF_P_Calc,QF_P_Calc,QF_P_Calc,QF_P_Calc,QF_P_Calc,QF_P_Calc,QF_P_Calc,QF_P_Calc,QF_P_Calc,QF_P_Calc,QF_P_Calc,QF_P_Calc,QF_P_Calc,QF_P_Calc,QF_P_Calc,QF_P_Calc,QF_P_Calc,QF_P_Calc,QF_P_Calc,QF_P_Calc,QF_P_Calc,QF_P_Calc,QF_P_Calc,QF_P_Calc,QF_P_Calc,QF_P_Calc,QF_P_Calc,QF_P_Calc,QF_P_Calc,QF_P_Calc,QF_P_Calc,QF_P_Calc,QF_P_Calc,QF_P_Calc,QF_P_Calc,QF_P_Calc,QF_P_Calc,QF_P_Calc,QF_P_Calc,QF_P_Calc,QF_P_Calc,QF_P_Calc,QF_P_Calc,QF_P_Calc,QF_P_Calc,QF_P_Calc,QF_P_Calc,QF_P_Calc,QF_P_Calc,QF_P_Calc,QF_P_Calc,QF_P_Calc,QF_P_Calc,QF_P_Calc,QF_P_Calc,QF_P_Calc,QF_P_Calc,QF_P_Calc,QF_P_Calc,QF_P_Calc,QF_P_Calc,QF_P_Calc,QF_P_Calc,QF_P_Calc,QF_P_Calc,QF_P_Calc,QF_P_Calc,QF_P_Calc,QF_P_Calc,QF_P_Calc,QF_P_Calc,QF_P_Calc,QF_P_Calc,QF_P_Calc,QF_P_Calc,QF_P_Calc,QF_P_Calc,QF_P_Calc,QF_P_Calc,QF_P_Calc,QF_P_Calc,QF_P_Calc,QF_P_Calc,QF_P_Calc,QF_P_Calc,QF_P_Calc,QF_P_Calc,QF_P_Calc,QF_P_Calc,QF_P_Calc,QF_P_Calc,QF_P_Calc,QF_P_Calc,QF_P_Calc,QF_P_Calc,QF_P_Calc,QF_P_Calc,QF_P_Calc,QF_P_Calc,QF_P_Calc,QF_P_Calc,QF_P_Calc,QF_P_Calc,QF_P_Calc,QF_P_Calc,QF_P_Calc,QF_P_Calc,QF_P_Calc,QF_P_Calc,QF_P_Calc,QF_P_Calc,QF_P_Calc,QF_P_Calc,QF_P_Calc,QF_P_Calc,QF_P_Calc,QF_P_Calc,QF_P_Calc,QF_P_Calc,QF_P_Calc,QF_P_Calc,QF_P_Calc,QF_P_Calc,QF_P_Calc,QF_P_Calc,QF_P_Calc,QF_P_Calc,QF_P_Calc,QF_P_Calc,QF_P_Calc,QF_P_Calc,QF_P_Calc,QF_P_Calc,QF_P_Calc,QF_P_Calc,QF_P_Calc,QF_P_Calc,QF_P_Calc,QF_P_Calc,QF_P_Calc,QF_P_Calc,QF_P_Calc,QF_P_Calc,QF_P_Calc
T1,1100,1100,1100,1100,1100.00,1100.00,1100.00,1100.00,1100.00,1100.00,1100.00,1100.00,1100.00,1100.00,1100.00,1100.00,1100.00,1100.00,1100.00,1100.00,1100.00,1100.00,1100.00,1100.00,1100.00,1100.00,1100.00,1100.00,1100.00,1100.00,1100.00,1100.00,1100.00,1100.00,1100.00,1100.00,1100.00,1100.00,1100.00,1100.00,1100.00,1100.00,1100.00,1100.00,1100.00,1100.00,1100.00,1100.00,1100.00,1100.00,1100.00,1100.00,1100.00,1100.00,1100.00,1100.00,1100.00,1100.00,1100.00,1100.00,1100.00,1100.00,1100.00,1100.00,1100.00,1100.00,1100.00,1100.00,1100.00,1100.00,1100.00,1100.00,1100.00,1100.00,1100.00,1100.00,1100.00,1100.00,1100.00,1100.00,1100.00,1100.00,1100.00,1100.00,1100.00,1100.00,1100.00,1100.00,1100.00,1100.00,1100.00,1100.00,1100.00,1100.00,1100.00,1100.00,1100.00,1100.00,1100.00,1100.00,1100.00,1100.00,1100.00,1100.00,1100.00,1100.00,1100.00,1100.00,1100.00,1100.00,1100.00,1100.00,1100.00,1100.00,1100.00,1100.00,1100.00,1100.00,1100.00,1100.00,1100.00,1100.00,1100.00,1100.00,1100.00,1100.00,1100.00,1100.00,1100.00,1100.00,1100.00,1100.00,1100.00,1100.00,1100.00,1100.00,1100.00,1100.00,1100.00,1100.00,1100.00,1100.00,1100.00,1100.00,1100.00,1100.00,1100.00,1100.00,1100.00,1100.00,1100.00,1100.00,1100.00,1100.00,1100.00
T2,700,700,700,700,700.00,700.00,700.00,700.00,700.00,700.00,700.00,700.00,700.00,700.00,700.00,700.00,700.00,700.00,700.00,700.00,700.00,700.00,700.00,700.00,700.00,700.00,700.00,700.00,700.00,700.00,700.00,700.00,700.00,700.00,700.00,700.00,700.00,700.00,700.00,700.00,700.00,700.00,700.00,700.00,700.00,700.00,700.00,700.00,700.00,700.00,700.00,700.00,700.00,700.00,700.00,700.00,700.00,700.00,700.00,700.00,700.00,700.00,700.00,700.00,700.00,700.00,700.00,700.00,700.00,700.00,700.00,700.00,700.00,700.00,700.00,700.00,700.00,700.00,700.00,700.00,700.00,700.00,700.00,700.00,700.00,700.00,700.00,700.00,700.00,700.00,700.00,700.00,700.00,700.00,700.00,700.00,700.00,700.00,700.00,700.00,700.00,700.00,700.00,700.00,700.00,700.00,700.00,700.00,700.00,700.00,700.00,700.00,700.00,700.00,700.00,700.00,700.00,700.00,700.00,700.00,700.00,700.00,700.00,700.00,700.00,700.00,700.00,700.00,700.00,700.00,700.00,700.00,700.00,700.00,700.00,700.00,700.00,700.00,700.00,700.00,700.00,700.00,700.00,700.00,700.00,700.00,700.00,700.00,700.00,700.00,700.00,700.00,700.00,700.00,700.00
?T,1,1,1,1,1.00,1.00,1.00,1.00,1.00,1.00,1.00,1.00,1.00,1.00,1.00,1.00,1.00,1.00,1.00,1.00,1.00,1.00,1.00,1.00,1.00,1.00,1.00,1.00,1.00,1.00,1.00,1.00,1.00,1.00,1.00,1.00,1.00,1.00,1.00,1.00,1.00,1.00,1.00,1.00,1.00,1.00,1.00,1.00,1.00,1.00,1.00,1.00,1.00,1.00,1.00,1.00,1.00,1.00,1.00,1.00,1.00,1.00,1.00,1.00,1.00,1.00,1.00,1.00,1.00,1.00,1.00,1.00,1.00,1.00,1.00,1.00,1.00,1.00,1.00,1.00,1.00,1.00,1.00,1.00,1.00,1.00,1.00,1.00,1.00,1.00,1.00,1.00,1.00,1.00,1.00,1.00,1.00,1.00,1.00,1.00,1.00,1.00,1.00,1.00,1.00,1.00,1.00,1.00,1.00,1.00,1.00,1.00,1.00,1.00,1.00,1.00,1.00,1.00,1.00,1.00,1.00,1.00,1.00,1.00,1.00,1.00,1.00,1.00,1.00,1.00,1.00,1.00,1.00,1.00,1.00,1.00,1.00,1.00,1.00,1.00,1.00,1.00,1.00,1.00,1.00,1.00,1.00,1.00,1.00,1.00,1.00,1.00,1.00,1.00,1.00
T unit,C,C,C,C,C,C,C,C,C,C,C,C,C,C,C,C,C,C,C,C,C,C,C,C,C,C,C,C,C,C,C,C,C,C,C,C,C,C,C,C,C,C,C,C,C,C,C,C,C,C,C,C,C,C,C,C,C,C,C,C,C,C,C,C,C,C,C,C,C,C,C,C,C,C,C,C,C,C,C,C,C,C,C,C,C,C,C,C,C,C,C,C,C,C,C,C,C,C,C,C,C,C,C,C,C,C,C,C,C,C,C,C,C,C,C,C,C,C,C,C,C,C,C,C,C,C,C,C,C,C,C,C,C,C,C,C,C,C,C,C,C,C,C,C,C,C,C,C,C,C,C,C,C,C,C
P1,500,500,500,500,500.00,500.00,500.00,500.00,500.00,500.00,500.00,500.00,500.00,500.00,500.00,500.00,500.00,500.00,500.00,500.00,500.00,500.00,500.00,500.00,500.00,500.00,500.00,500.00,500.00,500.00,500.00,500.00,500.00,500.00,500.00,500.00,500.00,500.00,500.00,500.00,500.00,500.00,500.00,500.00,500.00,500.00,500.00,500.00,500.00,500.00,500.00,500.00,500.00,500.00,500.00,500.00,500.00,500.00,500.00,500.00,500.00,500.00,500.00,500.00,500.00,500.00,500.00,500.00,500.00,500.00,500.00,500.00,500.00,500.00,500.00,500.00,500.00,500.00,500.00,500.00,500.00,500.00,500.00,500.00,500.00,500.00,500.00,500.00,500.00,500.00,500.00,500.00,500.00,500.00,500.00,500.00,500.00,500.00,500.00,500.00,500.00,500.00,500.00,500.00,500.00,500.00,500.00,500.00,500.00,500.00,500.00,500.00,500.00,500.00,500.00,500.00,500.00,500.00,500.00,500.00,500.00,500.00,500.00,500.00,500.00,500.00,500.00,500.00,500.00,500.00,500.00,500.00,500.00,500.00,500.00,500.00,500.00,500.00,500.00,500.00,500.00,500.00,500.00,500.00,500.00,500.00,500.00,500.00,500.00,500.00,500.00,500.00,500.00,500.00,500.00
P2,25,25,25,25,25.00,25.00,25.00,25.00,25.00,25.00,25.00,25.00,25.00,25.00,25.00,25.00,25.00,25.00,25.00,25.00,25.00,25.00,25.00,25.00,25.00,25.00,25.00,25.00,25.00,25.00,25.00,25.00,25.00,25.00,25.00,25.00,25.00,25.00,25.00,25.00,25.00,25.00,25.00,25.00,25.00,25.00,25.00,25.00,25.00,25.00,25.00,25.00,25.00,25.00,25.00,25.00,25.00,25.00,25.00,25.00,25.00,25.00,25.00,25.00,25.00,25.00,25.00,25.00,25.00,25.00,25.00,25.00,25.00,25.00,25.00,25.00,25.00,25.00,25.00,25.00,25.00,25.00,25.00,25.00,25.00,25.00,25.00,25.00,25.00,25.00,25.00,25.00,25.00,25.00,25.00,25.00,25.00,25.00,25.00,25.00,25.00,25.00,25.00,25.00,25.00,25.00,25.00,25.00,25.00,25.00,25.00,25.00,25.00,25.00,25.00,25.00,25.00,25.00,25.00,25.00,25.00,25.00,25.00,25.00,25.00,25.00,25.00,25.00,25.00,25.00,25.00,25.00,25.00,25.00,25.00,25.00,25.00,25.00,25.00,25.00,25.00,25.00,25.00,25.00,25.00,25.00,25.00,25.00,25.00,25.00,25.00,25.00,25.00,25.00,25.00
?P,25,25,25,25,25.00,25.00,25.00,25.00,25.00,25.00,25.00,25.00,25.00,25.00,25.00,25.00,25.00,25.00,25.00,25.00,25.00,25.00,25.00,25.00,25.00,25.00,25.00,25.00,25.00,25.00,25.00,25.00,25.00,25.00,25.00,25.00,25.00,25.00,25.00,25.00,25.00,25.00,25.00,25.00,25.00,25.00,25.00,25.00,25.00,25.00,25.00,25.00,25.00,25.00,25.00,25.00,25.00,25.00,25.00,25.00,25.00,25.00,25.00,25.00,25.00,25.00,25.00,25.00,25.00,25.00,25.00,25.00,25.00,25.00,25.00,25.00,25.00,25.00,25.00,25.00,25.00,25.00,25.00,25.00,25.00,25.00,25.00,25.00,25.00,25.00,25.00,25.00,25.00,25.00,25.00,25.00,25.00,25.00,25.00,25.00,25.00,25.00,25.00,25.00,25.00,25.00,25.00,25.00,25.00,25.00,25.00,25.00,25.00,25.00,25.00,25.00,25.00,25.00,25.00,25.00,25.00,25.00,25.00,25.00,25.00,25.00,25.00,25.00,25.00,25.00,25.00,25.00,25.00,25.00,25.00,25.00,25.00,25.00,25.00,25.00,25.00,25.00,25.00,25.00,25.00,25.00,25.00,25.00,25.00,25.00,25.00,25.00,25.00,25.00,25.00
P unit,MPa ,MPa ,MPa ,MPa ,MPa ,MPa ,MPa ,MPa ,MPa ,MPa ,MPa ,MPa ,MPa ,MPa ,MPa ,MPa ,MPa ,MPa ,MPa ,MPa ,MPa ,MPa ,MPa ,MPa ,MPa ,MPa ,MPa ,MPa ,MPa ,MPa ,MPa ,MPa ,MPa ,MPa ,MPa ,MPa ,MPa ,MPa ,MPa ,MPa ,MPa ,MPa ,MPa ,MPa ,MPa ,MPa ,MPa ,MPa ,MPa ,MPa ,MPa ,MPa ,MPa ,MPa ,MPa ,MPa ,MPa ,MPa ,MPa ,MPa ,MPa ,MPa ,MPa ,MPa ,MPa ,MPa ,MPa ,MPa ,MPa ,MPa ,MPa ,MPa ,MPa ,MPa ,MPa ,MPa ,MPa ,MPa ,MPa ,MPa ,MPa ,MPa ,MPa ,MPa ,MPa ,MPa ,MPa ,MPa ,MPa ,MPa ,MPa ,MPa ,MPa ,MPa ,MPa ,MPa ,MPa ,MPa ,MPa ,MPa ,MPa ,MPa ,MPa ,MPa ,MPa ,MPa ,MPa ,MPa ,MPa ,MPa ,MPa ,MPa ,MPa ,MPa ,MPa ,MPa ,MPa ,MPa ,MPa ,MPa ,MPa ,MPa ,MPa ,MPa ,MPa ,MPa ,MPa ,MPa ,MPa ,MPa ,MPa ,MPa ,MPa ,MPa ,MPa ,MPa ,MPa ,MPa ,MPa ,MPa ,MPa ,MPa ,MPa ,MPa ,MPa ,MPa ,MPa ,MPa ,MPa ,MPa ,MPa ,MPa ,MPa ,MPa ,MPa 
fO2 offset,0,0,0,0,0,0,0,0,0,0,0,0,0,0,0,0,0,0,0,0,0,0,0,0,0,0,0,0,0,0,0,0.25,0.25,0.25,0.25,0.25,0.25,0.25,0.25,0.25,0.25,0.25,0.25,0.25,0.25,0.25,0.25,0.25,0.25,0.25,0.25,0.25,0.25,0.25,0.25,0.25,0.25,0.25,0.25,0.25,0.25,0.25,0.5,0.5,0.5,0.5,0.5,0.5,0.5,0.5,0.5,0.5,0.5,0.5,0.5,0.5,0.5,0.5,0.5,0.5,0.5,0.5,0.5,0.5,0.5,0.5,0.5,0.5,0.5,0.5,0.5,0.5,0.5,0.75,0.75,0.75,0.75,0.75,0.75,0.75,0.75,0.75,0.75,0.75,0.75,0.75,0.75,0.75,0.75,0.75,0.75,0.75,0.75,0.75,0.75,0.75,0.75,0.75,0.75,0.75,0.75,0.75,0.75,0.75,1,1,1,1,1,1,1,1,1,1,1,1,1,1,1,1,1,1,1,1,1,1,1,1,1,1,1,1,1,1,1
fO2 buffer,NNO,NNO,NNO,NNO,NNO,NNO,NNO,NNO,NNO,NNO,NNO,NNO,NNO,NNO,NNO,NNO,NNO,NNO,NNO,NNO,NNO,NNO,NNO,NNO,NNO,NNO,NNO,NNO,NNO,NNO,NNO,NNO,NNO,NNO,NNO,NNO,NNO,NNO,NNO,NNO,NNO,NNO,NNO,NNO,NNO,NNO,NNO,NNO,NNO,NNO,NNO,NNO,NNO,NNO,NNO,NNO,NNO,NNO,NNO,NNO,NNO,NNO,NNO,NNO,NNO,NNO,NNO,NNO,NNO,NNO,NNO,NNO,NNO,NNO,NNO,NNO,NNO,NNO,NNO,NNO,NNO,NNO,NNO,NNO,NNO,NNO,NNO,NNO,NNO,NNO,NNO,NNO,NNO,NNO,NNO,NNO,NNO,NNO,NNO,NNO,NNO,NNO,NNO,NNO,NNO,NNO,NNO,NNO,NNO,NNO,NNO,NNO,NNO,NNO,NNO,NNO,NNO,NNO,NNO,NNO,NNO,NNO,NNO,NNO,NNO,NNO,NNO,NNO,NNO,NNO,NNO,NNO,NNO,NNO,NNO,NNO,NNO,NNO,NNO,NNO,NNO,NNO,NNO,NNO,NNO,NNO,NNO,NNO,NNO,NNO,NNO,NNO,NNO,NNO,NNO
fO2 constraint,TRUE,TRUE,TRUE,TRUE,TRUE,TRUE,TRUE,TRUE,TRUE,TRUE,TRUE,TRUE,TRUE,TRUE,TRUE,TRUE,TRUE,TRUE,TRUE,TRUE,TRUE,TRUE,TRUE,TRUE,TRUE,TRUE,TRUE,TRUE,TRUE,TRUE,TRUE,TRUE,TRUE,TRUE,TRUE,TRUE,TRUE,TRUE,TRUE,TRUE,TRUE,TRUE,TRUE,TRUE,TRUE,TRUE,TRUE,TRUE,TRUE,TRUE,TRUE,TRUE,TRUE,TRUE,TRUE,TRUE,TRUE,TRUE,TRUE,TRUE,TRUE,TRUE,TRUE,TRUE,TRUE,TRUE,TRUE,TRUE,TRUE,TRUE,TRUE,TRUE,TRUE,TRUE,TRUE,TRUE,TRUE,TRUE,TRUE,TRUE,TRUE,TRUE,TRUE,TRUE,TRUE,TRUE,TRUE,TRUE,TRUE,TRUE,TRUE,TRUE,TRUE,TRUE,TRUE,TRUE,TRUE,TRUE,TRUE,TRUE,TRUE,TRUE,TRUE,TRUE,TRUE,TRUE,TRUE,TRUE,TRUE,TRUE,TRUE,TRUE,TRUE,TRUE,TRUE,TRUE,TRUE,TRUE,TRUE,TRUE,TRUE,TRUE,TRUE,TRUE,TRUE,TRUE,TRUE,TRUE,TRUE,TRUE,TRUE,TRUE,TRUE,TRUE,TRUE,TRUE,TRUE,TRUE,TRUE,TRUE,TRUE,TRUE,TRUE,TRUE,TRUE,TRUE,TRUE,TRUE,TRUE,TRUE,TRUE,TRUE,TRUE,TRUE,TRUE
?H,0.2,0.2,0.2,0.2,0.20,0.20,0.20,0.20,0.20,0.20,0.20,0.20,0.20,0.20,0.20,0.20,0.20,0.20,0.20,0.20,0.20,0.20,0.20,0.20,0.20,0.20,0.20,0.20,0.20,0.20,0.20,0.20,0.20,0.20,0.20,0.20,0.20,0.20,0.20,0.20,0.20,0.20,0.20,0.20,0.20,0.20,0.20,0.20,0.20,0.20,0.20,0.20,0.20,0.20,0.20,0.20,0.20,0.20,0.20,0.20,0.20,0.20,0.20,0.20,0.20,0.20,0.20,0.20,0.20,0.20,0.20,0.20,0.20,0.20,0.20,0.20,0.20,0.20,0.20,0.20,0.20,0.20,0.20,0.20,0.20,0.20,0.20,0.20,0.20,0.20,0.20,0.20,0.20,0.20,0.20,0.20,0.20,0.20,0.20,0.20,0.20,0.20,0.20,0.20,0.20,0.20,0.20,0.20,0.20,0.20,0.20,0.20,0.20,0.20,0.20,0.20,0.20,0.20,0.20,0.20,0.20,0.20,0.20,0.20,0.20,0.20,0.20,0.20,0.20,0.20,0.20,0.20,0.20,0.20,0.20,0.20,0.20,0.20,0.20,0.20,0.20,0.20,0.20,0.20,0.20,0.20,0.20,0.20,0.20,0.20,0.20,0.20,0.20,0.20,0.20
?V,0,0,0,0,0.00,0.00,0.00,0.00,0.00,0.00,0.00,0.00,0.00,0.00,0.00,0.00,0.00,0.00,0.00,0.00,0.00,0.00,0.00,0.00,0.00,0.00,0.00,0.00,0.00,0.00,0.00,0.00,0.00,0.00,0.00,0.00,0.00,0.00,0.00,0.00,0.00,0.00,0.00,0.00,0.00,0.00,0.00,0.00,0.00,0.00,0.00,0.00,0.00,0.00,0.00,0.00,0.00,0.00,0.00,0.00,0.00,0.00,0.00,0.00,0.00,0.00,0.00,0.00,0.00,0.00,0.00,0.00,0.00,0.00,0.00,0.00,0.00,0.00,0.00,0.00,0.00,0.00,0.00,0.00,0.00,0.00,0.00,0.00,0.00,0.00,0.00,0.00,0.00,0.00,0.00,0.00,0.00,0.00,0.00,0.00,0.00,0.00,0.00,0.00,0.00,0.00,0.00,0.00,0.00,0.00,0.00,0.00,0.00,0.00,0.00,0.00,0.00,0.00,0.00,0.00,0.00,0.00,0.00,0.00,0.00,0.00,0.00,0.00,0.00,0.00,0.00,0.00,0.00,0.00,0.00,0.00,0.00,0.00,0.00,0.00,0.00,0.00,0.00,0.00,0.00,0.00,0.00,0.00,0.00,0.00,0.00,0.00,0.00,0.00,0.00
?S,0,0,0,0,0.00,0.00,0.00,0.00,0.00,0.00,0.00,0.00,0.00,0.00,0.00,0.00,0.00,0.00,0.00,0.00,0.00,0.00,0.00,0.00,0.00,0.00,0.00,0.00,0.00,0.00,0.00,0.00,0.00,0.00,0.00,0.00,0.00,0.00,0.00,0.00,0.00,0.00,0.00,0.00,0.00,0.00,0.00,0.00,0.00,0.00,0.00,0.00,0.00,0.00,0.00,0.00,0.00,0.00,0.00,0.00,0.00,0.00,0.00,0.00,0.00,0.00,0.00,0.00,0.00,0.00,0.00,0.00,0.00,0.00,0.00,0.00,0.00,0.00,0.00,0.00,0.00,0.00,0.00,0.00,0.00,0.00,0.00,0.00,0.00,0.00,0.00,0.00,0.00,0.00,0.00,0.00,0.00,0.00,0.00,0.00,0.00,0.00,0.00,0.00,0.00,0.00,0.00,0.00,0.00,0.00,0.00,0.00,0.00,0.00,0.00,0.00,0.00,0.00,0.00,0.00,0.00,0.00,0.00,0.00,0.00,0.00,0.00,0.00,0.00,0.00,0.00,0.00,0.00,0.00,0.00,0.00,0.00,0.00,0.00,0.00,0.00,0.00,0.00,0.00,0.00,0.00,0.00,0.00,0.00,0.00,0.00,0.00,0.00,0.00,0.00
